id,name
15164,Ahikōuka
15189,Ahitītī
55599,Ahu-a-Tūranga Stream
15236,Akakāhia Stream
55703,Akatārere
55712,Akatārere Historic Reserve
15244,Akatārere Point
15252,Ākina
58634,Ākiri
15253,Ākitio
61551,Ākitio
15254,Ākitio River
15255,Ākura
15374,Āmia Stream
60552,Āniwaniwa
7527,Āniwaniwa Falls
61062,Ao-ata-te-pō
60776,Aopōuri
15543,Āpiti
15544,Āpiti
15545,Āpiti Bay
139,Āpiti Saddle
7585,Āpiti Scenic Reserve
15548,Āpiti Stream
56589,Ārai Terraces
15600,Arapārera
15601,Arapārera River
61532,Āria
58484,Āria
207,Ātaahua Gorge
61755,Ātiamuri
15818,Ātiamuri
15819,Ātiu Creek
216,Ātiu or Middle Island
58524,Auahitōtara Kāinga
55574,Auahitōtara Pā
55025,Aupōuri Forest
7302,Avon River/Ōtakaro
15889,Awahōhonu Creek
55026,Awahōhonu Forest
15890,Awahōhonu Stream
15941,Awangārara Stream
58810,Awapākura
16025,Āwhitu
57351,Āwhitu
16026,Āwhitu Central
59304,Āwhitu Point
7518,Baring Head/Ōrua-pouanui
16282,Bay of Many Coves / Miritū Bay
16557,Big Ōmaha
513,Blumine Island / Ōruawairua
7738,Burwood (Takahē Rearing Site) Scientific Reserve
58399,Calypso Bay / Ōtamarau Bay
58025,Cape Kidnappers / Te Kauwae-a-Māui
766,Cape Kōamaru
55640,Cape Palliser / Mātakitaki-a-Kupe
770,Cape Terāwhiti
55337,Clutha River / Kōau Branch
7310,Colac Bay/Ōraka
7309,Colac Bay/Ōraka
14210,East Ngātoro Knoll
20163,East Tākaka
7894,East Tākaka Recreation Reserve
20164,East Tāmaki
20165,East Tāmaki Heights
20167,East Wānaka Creek
20249,Eketāhuna
7320,Franz Josef Glacier/Kā Roimata o Hine Hukatere
7322,Gillespies Point/Kōhaihai
7998,Goose Bay–Ōmihi Recreation Reserve
7999,Goose Bay–Ōmihi Scenic Reserve
7326,Grey River/Māwheranui
61678,Hākinikini
22092,Hāmama
22122,Hāmua
3726,Hamutīnui
22126,Hamutīnui Stream
22165,Hāparangi
22163,Hāpara Stream
58756,Hapopo kākāpō
22197,Hāpuatuna Bay
22200,Hāpuka Island
22202,Hāpuka Rock
22204,Hāpuku Reef
22205,Hāpuku River
8042,Hāpuku Scenic Reserve
1899,Hātea River
54635,Haukōpua Point
56646,Haukōpuapua Scenic Reserve
55031,Haupātōtō Bush
22383,Haupōuri Stream
22384,Haupōuri Stream
22385,Haupōuri Stream
54538,Hauraki Gulf / Tīkapa Moana
61233,Hautūterangi
58045,Hāwea / Bligh Sound
10090,Hāwea Conservation Park
1917,Hāwea Flat
1918,Hāwea Island
1920,Hāwea River
14473,Hāwea Rock
22445,Hāwea Stream
22447,Hāwera
22450,Hāwera
22448,Hāwera
22449,Hāwera
22452,Hāwera Stream
22451,Hāwera Stream
14475,Hāwini Rocks
1978,Herekōpare Island / Te Marama
22718,Hīkaka
22726,Hīkoekoeā Bay
61236,Hikukoekoeā
22757,Hikutāmomimomi Stream
59403,Hikutū Rock
22791,Hīnakitaka Stream
22796,Hīnau Flats
60247,Hine Kōareare
54616,Hinemoatū / Howard River
55531,Hinetāpeka Seamount
58728,Hinewaikārara
58612,Hinewaikārara
22834,Hiruhārama
22836,Hītapa Bay
22837,Hītaua Bay
22841,Hīwera
54944,Hōhonu Forest
22910,Hōkurī Creek
7337,Hollyford River/Whakatipu Kā Tuka
14495,Hōngaio Rock
22988,Hōnui Stream
22987,Hōnui Stream
23050,Horahora Kākahu Island
23149,Hōteo North
23150,Hōteo River
10095,Hōuto Forest
54946,Hōuto Forest
7201,Hue tē Taka Peninsula
55749,Hūhārua
23295,Hūkerenui
10096,Hūkerenui Forest
23362,Hūnua
23363,Hūnua Falls
23365,Hūnua Stream
2177,Inainatū / Pile Bay
23528,Inland Kaikōura Range
23655,Iwitea Pā
58829,Kā Ara-a-Haereroa
23972,Kahikatea Pā
58838,Kāhuikākāpō
58770,Kāhuikākāpō
23991,Kāhuitara
23992,Kāhuitara
54407,Kahukurī
58425,Kahurānaki
2310,Kahurānaki
61059,Kā Huruhuru-o-koekoeā
59816,Kaiārahi
24032,Kaiārahi Creek
24049,Kaiāwhā Stream
54948,Kaihū Forest
10099,Kaihū Forest
24069,Kaihū River
8180,Kaihū Scenic Reserve
54408,Kaikai Pā
7342,Kaikaitāhuna Bay
54532,Kaikaitāhuna Stream
55485,Kaikākā
7343,Kaikākahi Bay
58741,Kaikākāpō
58743,Kaikākāpō
58742,Kaikākāpō
24095,Kaikereū
24119,Kaikōura
24118,Kaikōura
2331,Kaikōura Bay
14516,Kaikōura Canyon
24121,Kaikōura Creek
24122,Kaikōura Island / Selwyn Island
24123,Kaikōura Peninsula
2332,Kaikōura Railway Station
24124,Kaikōura Stream
24128,Kaikūmera Bay
61601,Kaimātaotao
24172,Kaipākirikiri Bay
24173,Kaipākirikiri Point
24188,Kaipātiki Creek
24200,Kaipō Lagoon
24204,Kaipō Stream
24205,Kaipō Stream
24211,Kaipōwhata Creek
58722,Kairākau
24220,Kairākau Beach
56592,Kairūri Peak
60418,Kākā
24368,Kākā
24371,Kākā Creek
24374,Kākā Hill
24385,Kākaho Bay
24386,Kākaho Point
55021,Kākahu Forest
24396,Kākahu Stream
24375,Kākā Island
61240,Kākāmōria
61740,Kā Kamu-a-Hakitekura
24399,Kākānui
24414,Kākānui Stream
24413,Kākānui Stream
24412,Kākānui Stream
56593,Kākā Nunatak
24418,Kākāpō Bay
24434,Kākāpōnui Stream
56594,Kākāpō Nunatak
24422,Kākāpō Peak
24425,Kākāpō River
24426,Kākāpō Saddle
24427,Kākāpō Spur
10103,Kākāpōtahi Ecological Area
54951,Kākāpōtahi Forest
24436,Kākāpōtahi River / Little Waitaha River
58817,Kā Kārehu-o-te-ahi-o-Tamatea
24448,Kākāriki
24445,Kākāriki
24444,Kākāriki
24450,Kākāriki Creek
24452,Kākāriki Stream
8205,Kākā Scenic Reserve
61241,Kākātarahae
60779,Kākaunui
61681,Kākaunui
56595,Kakī Ponds
58319,Kā Mauka-tokoweka
61796,Kā Mauka Whakatipu
58323,Kāmoanahaehae
54777,Kānuka Hills
58682,Kā Onehuka
58606,Kā One-o-Pukerehe
60427,Kā Pākihi-whakatekateka-o-Waitaha
24509,Kāparanui Stream
58320,Kā Poupou-a-Rakihouia
60402,Kā Poupou-a-Te-Rakihouia
58660,Kā Pukehore
60305,Kā Pukemāeroero
58824,Kā Puketai
59768,Kā Pūtahi
61238,Kapūterangi
24594,Karakatūwhero River
24606,Karamū
2393,Karamū Stream
58179,Karanga Tūī
58860,Kā Rā-o-Takitimu
60550,Karāpiro
14524,Kāretu Seavalleys
2400,Kārewa / Gannet Island
55579,Kārewarewa
61505,Karihipōtae
60403,Karitāne
14211,Karitāne Canyon
14212,Karitāne Channel
24694,Karitūwhenua Stream
60307,Karu-hāpuku
58830,Katiapā
57855,Kāti Hāwea
2416,Kātiki
58139,Kātiki Beach
2417,Kātiki Point
55440,Kātiki Point Historic Reserve
8241,Kātiki Point Wildlife Management Reserve
2418,Kātiki Railway Station
24734,Katipō Creek
57841,Kāti Wairaki
61087,Kā Tū-waewae-o-Tū
24748,Kauaeparāoa Stream / Te Paki Stream
2421,Kaumātua Ridge
54931,Kauri Point Birkenhead / Te Mātā-rae-o-Mana
2424,Kauri Point Pōnui
24800,Kauritūtahi Creek
24801,Kauritūtahi Island
24820,Kāwaimanga Stream
24847,Kawatī Point
24854,Kawau Pārua Inlet
55231,Kawehītiki Point
60360,Kā Whata-Tū-o-Rakihouia
24875,Kawhātau River
8262,Kawhātau Scenic Reserve
59222,Kāwhia Bay
2443,Kāwhia Harbour
14213,Kekerengū Bank
61767,Kerepēhi
24963,Kererū
24966,Kererūhuahua
24967,Kererūrukaipō
55036,Kererūtahi Forest
24969,Keretū
25024,Kihitū Pā
60888,Kimiākau
25227,Kōaro Stream
25228,Kōau Stream
25236,Kōhaihai Bluff
25237,Kōhaihai River
25235,Kōhai Stream
58623,Kōhaka Takahea
58662,Kōhakaweka
55587,Kōhaonui
59145,Kōhatu
55706,Kōhatupapā / Ranfurly Bay
25244,Kōhatu Point
25254,Kōheke
25255,Kōheke Stream
25262,Kōherurahi Point
25263,Kohetetū Stream
58033,Kōhinerākau
58032,Kohinurākau
25277,Kohinurākau Range
25265,Kōhī Point
8299,Kōhī Point Scenic Reserve
25293,Kohunui Māori Settlement
25294,Kohupātiki
25302,Kōhuru Creek
25315,Kōkako
25322,Kōkakonui Stream
25319,Kōkako Stream
60920,Kōkakotaea
25326,Kōkakowhāia Stream
25330,Kokipō
25333,Kōkōariki
25348,Kōkopu Creek
59992,Kōkopunui
25355,Kōkōreke Stream
60295,Kōkōtane
25357,Kōkota / The Sandspit
58465,Kōkōwai Stream
25360,Kōkōwhai Bay / Turners Bay
7220,Kōmarupeka Creek
25375,Kōmataoneone
61086,Ko-mate-kōhuru
25393,Kōnini
25401,Kōpae Stream
25409,Kōpakiraho Stream
2550,Kōpeka Island
60970,Kōpū
25431,Kōpua
25433,Kōpua
25430,Kōpua
57365,Kōpuanui
25438,Kōpuapounamu River
25439,Kōpuapounamu Stream
25441,Kōpuaranga
25442,Kōpuaranga River
25443,Kōpuaroa
25444,Kōpuaroa Pā
25446,Kōpuaroa Stream
25445,Kōpuaroa Stream
25449,Kōpuawhara Disaster 1938
25450,Kōpuawhara Stream
25456,Kōpukanui
25462,Kōpuni Stream
25461,Kōpuni Stream
60410,Kōpūtai
25474,Kōpūwaiū Stream
25510,Korongatā Stream
60967,Kororāreka
2568,Kororāreka Bay
25519,Kororāreka Point
8318,Kororāreka Point Scenic Reserve
25531,Kōtaipapa Point
25537,Kōtare Range
25558,Kotipū Stream
25559,Kōtiro Point
25563,Kōtoitoi Bay
25568,Kōtorengaru Stream
25567,Kōtore Stream
58652,Kōtuku
25576,Kōtuku Point
8324,Kōtuku Point Scenic Reserve
25578,Kōtukutuku
58688,Kōtukutuku
54907,Kōtukutuku Bay
7347,Kōtukutuku Bay
25579,Kōtukutuku Inlet
54908,Kōtukutuku Stream
25582,Kōtukutuku Stream
60144,Kōtukuwhakaoka
60145,Kōtukuwhakaoka
58799,Kōura
25596,Kōurarau Dam
25597,Kōurarau Stream
25603,Kōurawhero Stream
54953,Kōwai Forest
8328,Kōwai River Government Purpose Reserve
25614,Kōwaro Stream
60594,Kōwhai
25617,Kōwhai Beach
25621,Kōwhai Creek
55705,Kōwhairoa Peninsula
14544,Kōwhai Seavalleys
25629,Kōwhai Stream
57775,Kōwhaiwhai
25646,Kūaotunu
25647,Kūaotunu Beach
8333,Kūaotunu Domain Recreation Reserve
25648,Kūaotunu River
2595,Kūaotunu West
7348,Kūhārua Point
59753,Kūmara Hill
25673,Kumeū
25674,Kumeū River
60475,Kuramātakitaki
55406,Kura Tāwhiti Scenic Reserve
57151,Kurī
14547,Kurī Banks
25697,Kurī Creek
25714,Kurukōhatu Point
58713,Kutupārera
7293,Lake Alabaster/Wāwāhi Waka
7531,Lake Āniwaniwa
25789,Lake Ātiamuri
2671,Lake Hāwea
2672,Lake Hāwea
8365,Lake Hāwea–Western Shore Recreation Reserve
25941,Lake Keretā
8374,Lake Māhinapua Recreation Reserve
8375,Lake Māhinapua Scenic Reserve
26028,Lake Mōkeno
26042,Lake Ngākaru
55604,Lake Ngākeketo Recreation Reserve
26045,Lake Ngānoke
26060,Lake Ōhau
26063,Lake Ōkaihau
7385,Lake Ōkareka
8382,Lake Ōkareka Scenic Reserve
7386,Lake Ōkataina/Te Moana i kataina ā Te Rangitakaroro
26070,Lake Ōmāpere
26071,Lake Ōmāpere
55639,Lake Ōnoke
26085,Lake Ōwhareiti
26122,Lake Rāhui
7430,Lake Rotoiti/Te Roto kite ā Ihenga i ariki ai Kahu
26146,Lake Rotokākahi / Green Lake
7431,Lake Rotomā
8394,Lake Rotomā Scenic Reserve
7433,Lake Rotorua/Te Rotorua nui ā Kahumatamomoe
26230,Lake Taupō / Taupōmoana
26234,Lake Te Hāpua
54441,Lake Te Kōhua
54506,Lake Te Pōhue
26249,Lake Tīmara
54507,Lake Tūtira
26274,Lake Waikōpiro
26293,Lake Wānaka
58030,Lake Whatumā
26667,Little Ōmaha Bay
54712,Little Ōnahau River
7353,Lords River/Tūtaekawetoweto
26943,Lower Kawhātau
14565,Lower Paritū Basin
7354,Lyttelton Harbour/Whakaraupō
27111,Māeneene Creek
27112,Māeneene Stream
56598,Māhaka Ponds
27138,Māhanga
27139,Māhanga Bay
27140,Māhanga Beach
27141,Māhanga Creek
27143,Māhanga Stream
27142,Māhanga Stream
59147,Māharakeke
27150,Māharakeke Stream
60239,Māhēipuku
27153,Māheipuku Point
58647,Mahenokōhiku
27165,Māhia
27166,Māhia Beach
59096,Māhia Canyon
27167,Māhia Peninsula
54434,Māhia Seamount
54504,Māhina-a-rangi Stream
27170,Māhina Bay
27171,Māhina Bay
14576,Māhina Knoll
8485,Māhinapua Creek Rail Bridge Historic Reserve
7357,Mahināpua Creek/Tūwharewhare
61533,Māhoenui
58489,Māhoenui
58377,Māhoenui
27184,Māhoenui Stream
27181,Māhoe Stream
27194,Māhuehue Point
27199,Māhungarape Island / Round Island
60147,Mahu-tōrea
27275,Mākahakaha Creek
27276,Mākahakaha Ngārara Stream
3023,Mākahakaha Stream
27277,Mākahakaha Stream
58908,Mākahakaha Stream
27278,Mākahakaha Stream
3026,Mākahikātoa Stream
27296,Mākahikātoa Stream
3027,Mākahikātoa Stream
27294,Mākahikātoa Stream
27295,Mākahikātoa Stream
27280,Mākahi Stream
27308,Mākākahi River
27315,Mākākāriki Stream
27319,Mākapua Stream
27320,Mākara
27321,Mākara
27322,Mākara Beach
27323,Mākara Hill
27337,Mākaraka
27339,Mākaraka Stream
8502,Mākaramea Scenic Reserve
27342,Mākaramea Stream
27343,Mākarangū Stream
13894,Mākara River
27324,Mākara River
8501,Mākara Scenic Reserve
27332,Mākara Stream
27329,Mākara Stream
27325,Mākara Stream
27331,Mākara Stream
27326,Mākara Stream
27333,Mākara Stream
27330,Mākara Stream
27335,Mākara Stream
27327,Mākara Stream
27328,Mākara Stream
27334,Mākara Stream
27349,Mākareao
27350,Mākareao Stream
27351,Mākāretu
27358,Mākāreturetu Stream
27353,Mākāretu River
32783,Mākāretu River North Branch
8503,Makaretū Scenic Reserve
27354,Mākāretu Stream
55861,Makaretū Stream
27357,Makaretū Stream
27364,Mākarika Stream
27362,Mākari Stream
27369,Mākaroro River
7199,Mākaro / Ward Island
3037,Makatī
27381,Mākawakawa Stream
27380,Mākawakawa Stream
57366,Maketū
27394,Mākiekie / Coal Creek
54957,Mākino Forest
27401,Mākino River
27413,Mākiore Stream
27414,Mākiri
27415,Mākirikiri
27424,Mākirikiri Stream
27422,Mākirikiri Stream
27421,Mākirikiri Stream
32784,Mākirikiri Stream North Branch
40269,Mākirikiri Stream South Branch
27434,Mākōkako Stream
27446,Makōkōmuka Stream
58911,Mākōkōmuka Stream
3044,Mākōkōmuka Stream
3043,Mākōkōmuka Stream
27443,Mākōkōmuka Stream
27445,Mākōkōmuka Stream
27462,Mākorokoro Stream
27470,Mākōtukutuku Stream
27471,Mākōtukutuku Stream / Washpool Creek
27477,Mākōwhai Stream
27517,Māminga
58832,Manapōuri
58617,Manawahē
3067,Manawatāwhi / Great Island
3068,Manawatāwhi / Three Kings Islands
27566,Manawatū Gorge
8529,Manawatū Gorge Scenic Reserve
8530,Manawatū Recreation Reserve
27567,Manawatū River
8531,Manawatū Scenic Reserve
58038,Manawatū-Whanganui Region
27618,Mangahārei Stream
27642,Mangahinātore Stream
27657,Mangahōpai Stream
27668,Mangahoukū Stream
55039,Mangakāhia Forest
27709,Mangakāhia River
8537,Mangakāhia River Scenic Reserve
7530,Mangakōkakotaea Stream
27794,Mangakōpikopiko Stream
54508,Mangakōpikopiko Stream
27793,Mangakōpikopiko Stream
27809,Mangakōtukutuku Stream
27810,Mangakōtukutuku Stream
27811,Mangakōtukutuku Stream
27820,Mangakūkū Stream
27826,Mangakurī Beach
27827,Mangakurī River
27828,Mangakurī Stream
27834,Mangamāhaki Stream
27845,Mangamāia Stream
27877,Mangamātukutuku Stream
27886,Mangamāunu
27888,Mangamāunu Stream
27910,Mangamōteo Stream
55860,Mangamōteo Stream
3097,Mangangārara Stream
27934,Mangangārara Stream
27930,Mangangārara Stream
27931,Mangangārara Stream
27936,Manganīkau Stream
28028,Mangaongāwāhine Stream
28065,Mangaotāne Stream
28064,Mangaotāne Stream
28170,Mangapōhue Stream
28173,Mangapōike River
28186,Mangapōuri Stream
28188,Mangapōuri Stream
28185,Mangapōuri Stream
55888,Mangapōuri Stream
28205,Mangapūrākau Stream
55463,Mangapū Stream
28218,Mangapūwerawera Stream
28223,Mangarākai Stream
28224,Mangarākau
28225,Mangarākau Stream
28226,Mangarākau Stream
28227,Mangarākeke Stream
28310,Mangatāhae Stream
61669,Mangatārera o Te Whakatūrākau
54579,Mangatāwhai
61661,Mangatāwhiri
28383,Mangatāwhiri
28384,Mangatāwhiri Crossing
55041,Mangatāwhiri Forest
28385,Mangatāwhiri River
28446,Mangatītī Stream
28445,Mangatītī Stream
28494,Mangatōtara Stream
55042,Mangatū Forest
28518,Mangatūpae Stream
28519,Mangatūpō Stream
28522,Mangatūranga Stream
28498,Mangatū River
28500,Mangatū Stream
28504,Mangatū Stream
28527,Mangatūtaekurī
28526,Mangatūtae Stream
28616,Māngere
28617,Māngere Bridge
28618,Māngere East
28619,Māngere Falls
3167,Māngere Inlet
59305,Māngere Lagoon
28620,Māngere River
28621,Māngere Stream
28629,Mangōnui
8590,Mangōnui Courthouse Historic Reserve
8591,Mangōnui Domain Recreation Reserve
54958,Mangōnui Forest
3169,Mangōnui Harbour
8592,Mangōnui Recreation Reserve
58461,Mangōraukawa / Lake Dive
28639,Mangōwhata Stream
60630,Māniatoto
61072,Manokīwai
28659,Man-o-War Bay / Pāharakeke
58681,Mānuka
56411,Mānuka
28683,Mānuka Hill
28692,Mānuka Stream
54413,Mānunutahi Bay
7362,Manupīrua Bay
54926,Mānutewhau Creek
28721,Manutūkē
28726,Māori Bay
28728,Māori Channel
28737,Māori Garden Bay
28748,Māori Gully
28749,Māori Gully
28750,Māori Gully
28746,Māori Gully
28761,Māori Pā Beach
28766,Māori Point
28762,Māori Point
28765,Māori Point
28769,Māori Rock
3203,Māori Rocks
28772,Māori Stream
28773,Māori Stream
58490,Māpiu
61544,Māpiupiu
59810,Māpouriki
60117,Māpouriki
60781,Māpoutahi
28787,Māpua
8609,Māpua Recreation Reserve
28794,Maraekākaho
28795,Maraekākaho River
8610,Maraetōtara Gorge Scenic Reserve
28820,Maraetōtara River
8611,Maraetōtara Scenic Reserve
28823,Mārahau
28824,Mārahau River
28831,Marama Tāwhaua
28848,Mārau
28849,Mārau Beach
55045,Mareretū Forest
55726,Mārima
28895,Māriri
28957,Martello Rock / Ruakōura
29069,Mātaikōkako
7363,Mātaikōtare
58080,Mātaitai Bay
54961,Mātaitai Forest
58078,Mātaitai Point
58081,Mātaitai Scenic Reserve
3279,Matakā
29102,Mātaki Stream
29106,Mātakitaki
57815,Mātakitaki
8633,Mātakitaki Bridge Scenic Reserve
29107,Mātakitaki River
29108,Mātakitaki River East Branch
47716,Mātakitaki River West Branch
29145,Mātaotao Stream
3293,Mātāpia
29156,Matapū Stream
29160,Matarāhui Bay
29183,Matatā
8645,Matatā Recreation Reserve
8646,Matatā Scenic Reserve
8648,Matatā Wildlife Refuge Reserve
60792,Mataūira
59517,Mātāwai
29215,Mātāwai
29218,Mātāwai Stream
61884,Matawhā Seamount 
61206,Mate ā-ongaonga
29265,Mātiatia Bay
29267,Mātiere Point
29286,Mātoitoi Stream
29287,Mātokitoki Stream
54539,Matukutūreia / McLaughlins Mountain
54552,Matukutūruru
61084,Mauīkatau
60405,Maukakūkuta
60406,Maukakūkuta
61245,Maunga-a-Kāhia
29332,Maungahīha
61419,Maunga Hirakimatā
54771,Maunga Kākaramea
60038,Maunga Kākaramea Scenic Reserve
8665,Maungakōtukutuku Scenic Reserve
29347,Maungakōtukutuku Stream
29379,Maungapōhatu
60018,Maungatūtū
29442,Maunupōhatu Stream
29458,Mautōtara Stream
29461,Māwhai Point
60110,Māwhera
29487,Mayor Island / Tūhua
8688,Meremere Pā Historic Reserve
58751,Moanapākura
30007,Moana Pūtakitaki Lagoon
58417,Moana-whenua-pōuri / Edwardson Sound
56600,Moawhango Névé
30073,Mōhaka
30074,Mōhaka
55053,Mōhaka Forest
30075,Mōhaka River
30076,Mōhakatino
30077,Mōhakatino River
30079,Mōhau Stream
30093,Mōioio Island
30103,Mōkau
58487,Mōkau
3515,Mōkau Bay
30105,Mōkau Bay
30106,Mōkau Falls
30107,Mōkau Inlet
58493,Mōkauiti
58494,Mōkauiti Stream
30109,Mōkau Pā
58488,Mōkau River
30112,Mōkau Stream
30113,Mōkau Stream
30111,Mōkau Stream
54884,Mōkihinui Forest
8728,Mōkihinui Recreation Reserve
30127,Mōkihinui River
30128,Mōkihinui River North Branch
30129,Mōkihinui River South Branch
54701,Mokohīnau Canyon
62044,Mokohīnau Islands High Protection Area
62035,Mokohīnau Islands Seafloor Protection Area
14214,Mokohīnau Knoll
30137,Mokomokomā Stream
30153,Mokotā Stream
30179,Mōmonanui Stream
30177,Mōmona Point
30259,Mōpānui
30268,Mōrere
3556,Mōrere Gully
30269,Mōrere Hill
8741,Mōrere Recreation Reserve
30270,Mōrere Stream
30342,Mōtītī Island
14626,Mōtītī Scarp
30347,Mōtū
30348,Mōtū Falls
30420,Motukēhua Island / Nops Island
3597,Motukōkako Island / Piercy Island
30436,Motukōrea Channel
30438,Motukōrure Island / Centre Island
30450,Motumāhanga / Saddleback
54927,Motumānawa / Pollen Island
30479,Motungārara
30481,Motungārara Island
30482,Motungārara Island / Fishermans Island
54518,Motu-o-Rūrū
8772,Motupōhue Scenic Reserve
30355,Mōtū River
8752,Mōtū Scenic Reserve
54904,Motutāhae
30549,Motutāiko Island
30551,Motutākupu Island / Gannet Island
60924,Mōtūwairaka
56601,Mount Hāwea
56602,Mount Kōpere
31338,Mount Māhanga
8803,Mount Ngongotahā Scenic Reserve
3787,Mount Ōhakiri
56603,Mount Pūkākī
31827,Mount Tūtoko
54442,Mount Tūwhakarōria
7371,Mourā Bay
7372,Mourā Point
3862,Moutohorā Island
31945,Moutōtara Stream
10562,Mūmū Nunatak
32038,Muriwai Pā
32109,Nākahi Stream
32118,Nanī Island
55207,Ngā Atua Tātā / Kerr Point
61627,Ngā Awapūrua
32282,Ngāhape
32284,Ngāhape Stream
7374,Ngāhauā Bay
32290,Ngāheni Ridge
7375,Ngāheretā Bay
3983,Ngāhinapōuri
32295,Ngāhinapōuri Island
57377,Ngā Hore
56454,Ngā Huinga
32307,Ngāihihiopoanga
60067,Ngā Kai-hīnaki-a-Whata
10130,Ngākawau Ecological Area
8846,Ngākawau–Hector Recreation Reserve
32333,Ngākawau River
8845,Ngākawau Scenic Reserve
32334,Ngākawekaiti
3971,Ngā Kiore / Jag Rocks
60562,Ngākōroa Railway Station
61659,Ngā Kurī-a-Whārei
32356,Ngākuta Bay
32355,Ngākuta Bay
32357,Ngākuta Bay
8847,Ngākuta Bay Recreation Reserve
8848,Ngākuta Bay Scenic Reserve
32358,Ngākutu Point
32361,Ngāmāhanga Stream
32364,Ngāmahau Bay
61978,Ngā Māipi-e-Waru-a-Kupe
32369,Ngāmangatawa Stream
60096,Ngā Mātia
7377,Ngāmimiro Bay
54519,Ngāmoerangi
32378,Ngāmoko
54967,Ngāmoko Forest
32382,Ngāmoko Range
32384,Ngāmoko Stream
55870,Ngāmotu
58423,Ngāmotu
55057,Ngāmotu-a-te-Ahimaire Bush
32389,Ngāmotu Lagoon
3972,Ngā Motu / Sugar Loaf Islands
56642,Ngā Motu / Sugar Loaf Islands Conservation Park
55715,Ngā Motu / Sugar Loaf Islands Sanctuary
61725,Ngānui Point
60614,Ngā Pākihi-a-Māniarauhea
32405,Ngāpākira
61208,Ngā-pona-o-Tamatekapua
54761,Ngā Pona-toru-a-Peretū Scenic Reserve
32415,Ngāpōpōhia
32416,Ngāpōtiki
58034,Ngā Puha-ake-o-te-ora
7378,Ngāpuka Bay
32421,Ngāpuke Creek
32433,Ngāpuketūrua
61670,Ngā Rā-a-Kupe
32451,Ngārarahiwihiwi Stream
32454,Ngārarapapa Stream
55576,Ngā Rimutāmaka
7538,Ngāroto
58959,Ngā Roto-o-Rangataua Scenic Reserve
55583,Ngā Roto-o-Te-Kaponga Wetlands
32476,Ngārua Caves
61759,Ngāruawāhia
32480,Ngāruawāhia
61975,Ngāruawāhia Domain Recreation Reserve
55222,Ngārui-o-te-Marangai Beach
60979,Ngaruroro Moko-tū-ā-raro ki Rangatira
61474,Ngā Tai-i-whakatūria-e-Kupe-ki-te-marowhara
32503,Ngātapa
32504,Ngātapa
32505,Ngātapa Stream
32506,Ngātapa Stream
61489,Ngā-Taratara-o-Toi
59966,Ngā Tārua
32525,Ngātimana Stream
32526,Ngātīmoti
32533,Ngātohuahira
32536,Ngātokaihoa
61553,Ngātokoerua Scenic Reserve
55889,Ngātoko Stream
14215,Ngātoro Basin
14216,Ngātoro Canyon
55536,Ngātoroirangi Seamount
4011,Ngātoro Peak
14217,Ngātoro Ridge
4012,Ngātoru Stream
54566,Ngā Tuaitara-a-Taikehu
60543,Ngā Turi-o-Murimotu
32559,Ngāturuturu
55058,Ngāumu Forest
59967,Ngā Umukākāpō
55756,Ngāumuwahine River
32566,Ngauotekākā
60499,Ngā Waka-a-Kupe
32585,Ngāwakapātiki Stream
55724,Ngāwhakaraua
32599,Ngāwhakatarara Stream
32601,Ngāwhakatātara
32602,Ngāwhakawhiti Bay
61018,Ngā Whatukaiponu
32614,Ngongotahā
60938,Ngongotahā
32613,Ngongotahā
32615,Ngongotahā Stream
32616,Ngongotahā Valley
32621,Ngūroa Bay
32682,Nīkau Creek
58689,Nohotūroa
32763,Nōpera
32836,North Mākara Stream
32841,North Ōhau River
14218,North Paritū Ridge
61667,Nūhaka
32901,Nūhaka
54938,Nūhaka Forest
32902,Nūhaka River
32929,Ōakura
32930,Ōakura
32931,Ōakura Bay
4092,Ōakura Bay
8893,Ōakura Beach Domain Recreation Reserve
58466,Ōākuramatapū River
32933,Ōakura Stream
32937,Ōamaru Bay
32936,Ōamaru Bay
56604,Ōamaru Peak
32939,Ōamaru River
32940,Ōamaru Stream
8895,Ōamaru Stream Scenic Reserve
32941,Ōananga Bay
32950,Ōariki Stream
61047,Ōaro
32953,Ōatua
32992,Ōhaeawai
32998,Ōhaiatangaora Stream
33004,Ōhakiri Stream
55610,Ōhane Stream
61096,Ōhanui
33027,Ōhara Stream
33033,Ōharuru
33034,Ōhau
33035,Ōhau Bay
33037,Ōhau Channel
55060,Ōhau Forest
33038,Ōhau Gorge
33039,Ōhau Hill
33061,Ōhauparuparu Bay
56605,Ōhau Peak
33063,Ōhaupō
33043,Ōhau Point
33042,Ōhau Point
33044,Ōhau Point
33046,Ōhau River
33047,Ōhau River
33050,Ōhau Stream
33053,Ōhau Stream
33051,Ōhau Stream
33052,Ōhau Stream
33049,Ōhau Stream
8903,Ōhau Terminal Moraine Scenic Reserve
55209,Ōhau / West Island
33067,Ōhawai
58766,Ōhekeia
60339,Ōhekia
54702,Ōhena Knoll
33080,Ōhikaiti River
33082,Ōhikanui River
33083,Ōhiku Creek
60827,Ōhinatara
4129,Ōhīnau Island
33085,Ōhineakai
33091,Ōhinemaemae
54593,Ōhinemahuta River
61248,Ōhinemutu
33101,Ōhinepaka
33110,Ōhinerangi Beach
4134,Ōhinerau
59785,Ōhinerau Bay
54542,Ōhinerau / Mount Hobson
58334,Ōhinetahi
60122,Ōhinetaketake
33116,Ōhinetamatea River / Saltwater Creek
33133,Ōhingaiti
8911,Ōhingaiti Scenic Reserve
33134,Ōhingaroa Bay
8912,Ōhingaroa Scenic Reserve
58491,Ōhīrea
33138,Ōhiringa Bluff
58802,Ōhiriru
33142,Ohiti Pā
33144,Ōhiwa
33145,Ōhiwa Harbour
8913,Ōhiwa Scenic Reserve
33146,Ōhiwa Stream
60669,Ōhonu
60616,Ōhonu
4140,Ōhope
33153,Ōhope Beach
8915,Ōhope Recreation Reserve
8916,Ōhope Scenic Reserve
8917,Ōhope Spit Wildlife Refuge Reserve
58632,Ōhoumata
33169,Ōhuia Lagoon
54548,Ōhuiarangi / Pigeon Mountain
59815,Ōhuinga
33171,Ōhuka
33177,Ōhura
33178,Ōhura River
8921,Ōhura Scenic Reserve
33192,Ōingo Lake
33207,Ōkahau Point
33233,Ōkahuatiu
33217,Ōkahu Bay
33234,Ōkahuiti Creek
55061,Ōkahukura Bush
33236,Ōkahukura Peninsula
7384,Ōkahutoroa Bay
60843,Ōkaihae
33248,Ōkaihau
33249,Ōkaihau
33251,Ōkaihau Stream
58735,Ōkākā
33260,Ōkākaho Stream
33273,Ōkapua Creek
55062,Ōkara Forest
33281,Ōkaranga Stream
58643,Ōkare
58641,Ōkare
33284,Ōkare
33289,Ōkārewa Point
33291,Ōkari Lagoon
33292,Ōkari River
8929,Ōkari Spit Scenic Reserve
7204,Ōkārito
60413,Ōkārito
7207,Ōkāritoiti / Lake Windermere
7205,Ōkārito Lagoon
8930,Ōkārito Lagoon Wildlife Management Reserve
8931,Ōkārito Recreation Reserve
7206,Ōkārito River
8932,Ōkārito School House Historic Reserve
60842,Ōkaruru
33302,Ōkato
8933,Ōkato Recreation Reserve
33310,Ōkauawa Stream
33313,Ōkaura Stream
33305,Ōkau Stream
7387,Ōkawa Bay
33316,Ōkawa Stream
8936,Ōkere Falls Scenic Reserve
7388,Ōkere Inlet
58335,Ōketeupoko
33343,Ōkiore Point
33344,Ōkiore Point / Rugged Point
33350,Ōkiritoto Falls
33351,Ōkiritoto Stream
33352,Okitū
60592,Ōkiwi
33354,Ōkiwi
33355,Ōkiwi Bay
33357,Ōkiwi Bay
33356,Ōkiwi Bay
8940,Ōkiwi Bay Recreation Reserve
8941,Ōkiwi Bay Scenic Reserve
8942,Ōkiwi Recreation Reserve
33363,Ōkohaka Point
8943,Ōkoha Recreation Reserve
33362,Ōkoha Saddle
61782,Ōkōrewa
33394,Ōkoromai Bay
33403,Ōkōura Stream
33408,Ōkukari Bay
33415,Ōkūkū River
33419,Ōkupe Lagoon
61448,Ō-Kupe-Mai-Tawhiti
55496,Ō-Kupe-Mai-Tawhiti
4158,Ōkura
8945,Ōkura Bush Scenic Reserve
33430,Ōkura River
14666,Ōkura Rock
33484,Ōmaha
33485,Ōmaha Bay
10244,Ōmaha Ecological Area
33487,Ōmaha Flats
54996,Ōmaha Forest
33488,Ōmaha River
8951,Ōmaha Scenic Reserve
8952,Ōmaha Tāniko Wetlands Scientific Reserve
60500,Omāhu
33504,Ōmāhungaiti Bay
54570,Ōmāhuri
55063,Ōmahuta Forest
10134,Ōmahuta Forest
61449,Ōmāī
33519,Ōmakere
33518,Ōmakere
55538,Ōmakere Ridge
33520,Ōmakere Stream
14219,Ōmakere Trough
60859,Ōmakō
60628,Ōmakō
33531,Ōmana Beach
33532,Ōmana Beach
58082,Ōmangaia Pā
33545,Ōmanu Creek
58772,Ōmanui
33547,Ōmanuporoaki Stream
33550,Ōmāpere
33552,Ōmāpere Stream
33561,Ōmarama
60379,Ōmārama
33568,Ōmaru Bay
33569,Ōmaru Creek
33576,Ōmarukohaki Stream
7390,Ōmarupoto Bay
33581,Ōmarutipi
55065,Ōmataroa Forest
4191,Ōmāui Island
8960,Ōmāui Scenic Reserve
33598,Ōmaumau River
33603,Ōmāwake Stream
58875,Ōmawete / Coopers Knob
58807,Ōmāwhero
57145,Ōmiha
57299,Ōmihi
60030,Ōmoekau
33630,Ōmoeroa River
33636,Ōmōkau Bay
33637,Ōmokoiti Bay
33638,Ōmokoiti Flats
33640,Ōmokoroa
33641,Ōmokoroa Beach
33642,Ōmokoroa Point
33649,Ōmotumotu Creek
8965,Ōmotumotu Scenic Reserve
33659,Ōnahau
33660,Ōnahau Bay
8967,Ōnahau Bay Scenic Reserve
54713,Ōnahau River
33665,Ōnario Point
33666,Ōnauku Bay
59774,Onetāhua Rise
33734,Onetaipū Point
61249,Ōngare
33772,Ōngāwanga Creek
33773,Ōngaware Stream
33774,Ōngāwari
33780,Ōnoke
14669,Ōnoke Bank
57300,Ōnuku
33791,Ōpaheke
33792,Ōpaheke
33793,Ōpāhekeheke Island
4219,Ōpaheke Point
33799,Ōpākau Island
33805,Ōpaki
60311,Ōpakia
7214,Ōpango Stream
33818,Ōpani-āputa Point
33819,Ōpanuku Stream
54609,Ōpaoa River
56440,Ōparapara / Samson Bay
33827,Ōpārara
33828,Ōpārara River
33829,Ōpārau
33830,Ōpārau River
33839,Ōpatu River
33841,Ōpau Bay
33844,Ōpau Stream
33843,Ōpau Stream
60846,Ōpāwaho
58620,Ōpēhia
58646,Ōpēhia
55593,Ōpeketā Stream
55596,Ōpeketā Swamp
33871,Ōpihi Bay
33872,Ōpihi River
8985,Ōpihi River Government Purpose Reserve Railway Conservation
58796,Ōpihu
33894,Ōpoho Creek
33895,Ōpoho Stream
58338,Ōpōkihi
33900,Ōpokongaruru Stream
60625,Ōpōrea
60621,Ōpōreaiti
33913,Ōpōtiki
33912,Ōpōtiki
33914,Ōpōtiki Bay
59009,Ōpōtiki District
61537,Ōpōtiki-mai-tawhiti
33915,Ōpōtiki Stream
33916,Ōpoto Creek
54714,Ōpou
14672,Ōpouawe Bank
14673,Ōpouawe Canyon
33924,Ōpouawe River
33919,Ōpou Creek
33925,Ōpouiti Stream
33920,Ōpou Point
33929,Ōpōuri Peak
33931,Ōpōuri River
33932,Ōpōuri Saddle
59103,Ōpoutama
33936,Ōpoutama Beach
33937,Ōpoutama Stream
33943,Ōpouwehe
33947,Ōpua Bay
8994,Ōpua Bay Recreation Reserve
54968,Ōpua Forest
10136,Ōpua Forest
60878,Ōpūaha
8995,Ōpua Scenic Reserve
33967,Ōpuku Cliff
58339,Ōpukutahi
33971,Ōpunake
33972,Ōpunake Stream
33980,Ōpūrehu River
33982,Ōpūreke Stream
60241,Ōrae
60832,Ōrahoriu
60473,Ōraka
4233,Ōraka Beach
59794,Ōraka Beach
33993,Ōraka Stream
61773,Ōrākau
33996,Ōrākei
33997,Ōrākei Basin
33998,Ōrākei Creek
34003,Ōraki
34005,Ōrakipaoa Creek
34014,Ōrangihīkoia Stream
34015,Ōrangihukia Stream
7208,Ōrangipuku River
7544,Ōrangipuku River Scenic Reserve
34025,Ōrangitūtaetutu Stream
14674,Ōrapa Rock
34036,Ōrarapa Island / The Haystack
34040,Ōrataura Stream
60834,Ōrau
60290,Ōrau
60782,Ōraumoa
54587,Ōraumoa / Fighting Bay
58630,Ōrautahi
34070,Orepū Creek
34073,Ōrere
34074,Ōrere Point
34075,Ōrere Point / Rangipākihi
34076,Ōrere River
34077,Ōrere Stream
34078,Ōrereti Stream
34081,Ōreteiti Bay
14675,Ōreti Bank
4253,Ōreti River
34087,Ōrewa Beach
34088,Ōrewa Hill
34089,Ōrewa River
34090,Ōrewha
58834,Ōrokiroki
58729,Ōroko
34136,Ōrongo
61491,Ōrongo
61250,Ōrongokoekoeā
58876,Ōrongomai / Cass Peak
34138,Ōrongo Point
34143,Ōrongorongo
34144,Ōrongorongo River
55735,Ōrongotea Stream
4266,Ōrore Point
58715,Ōroroa
34170,Ōrua Bay
34172,Ōrua Bay
34178,Ōruahea Stream
58825,Ōruahine
34186,Ōruakarahea Stream
34199,Ōruapūkaikena Creek
61518,Ōruarangi
4274,Ōruariki Stream
7392,Ōruaroa Bay
7393,Ōruaroa Point
34176,Ōrua Stream
34205,Ōruatāmaru Stream
61144,Ōruataua
34209,Ōruawharo
34212,Ōruawharo Bay
34211,Ōruawharo Bay
9014,Ōruawharo Creek Government Purpose Reserve
9015,Ōruawharo Creek Recreation Reserve
59312,Ōruawharo Heads
34217,Ōrukuwai Point
34220,Orupū
61431,Ōruru
58963,Ōruru Maunga
4277,Ōruru River
60840,Ōtaao
58596,Ōtaetae
55577,Ōtahatekapua
55578,Ōtahatekapua Kāinga
54794,Ōtahuao
54969,Ōtahu Bush
34261,Ōtāhuhu
34262,Ōtāhuhu Creek
54543,Ōtāhuhu / Mount Richmond
34263,Ōtāhuhu Point
9020,Ōtahu Scenic Reserve
60880,Ōtaia
54906,Ōtaiātoa Bay
55459,Ōtaiātoa Bay Recreation Reserve
34277,Ōtaimako Creek
55211,Ōtaipango / Henderson Bay
59968,Ōtāiri
7394,Ōtairoa Beach
34291,Ōtakahia Stream
61251,Ōtakanini
34304,Ōtaki
34305,Ōtaki
34306,Ōtaki Beach
34307,Ōtaki Creek
34308,Ōtaki Forks
58710,Ōtākirikiri
34309,Ōtaki River
61689,Ōtākou
60313,Ōtaku
34325,Ōtamahama Stream
4287,Ōtamahua / Quail Island
59985,Ōtamakapua
55571,Ōtamakotinga
8892,Ō Tamakura Historic Reserve
58727,Ōtamakurua
61252,Ōtamarākau
4288,Ōtamarau
60802,Ōtamatakou
58800,Ōtamatea
34350,Ōtamatea Channel
34359,Ōtamauri
34360,Ōtamauri Stream
60927,Ōtāne
34368,Ōtāne
58600,Ōtāneāniwa
60902,Ōtānenui
34372,Ōtānerau Bay
54406,Ōtānerua / Hatfields Beach
54970,Ōtangaroa Forest
34391,Ōtangihia
7395,Ōtangimoana Bay
34393,Ōtangimoana Stream
34397,Ōtanguru
61069,Ōtāpara
34408,Ōtapokura
59970,Ōtara
61056,Ōtara
34414,Ōtara
34416,Ōtara
58669,Ōtara
34417,Ōtara
34419,Ōtara Bay
34418,Ōtara Bay
34420,Ōtara Creek
34421,Ōtara Head
14220,Ōtara Knoll
7397,Ōtaramarae Bay
34423,Ōtara Point
34424,Ōtara Point
34422,Ōtara Point
34425,Ōtara Point
34443,Ōtarapō Stream
34426,Ōtara River
34431,Ōtara Stream
34429,Ōtara Stream
34432,Ōtara Stream
34427,Ōtara Stream
34430,Ōtara Stream
34447,Ōtarawao Bay
58804,Ōtārewa
34459,Ōtātara Pā
55448,Ōtātara Pā Historic Reserve
34462,Ōtaua
34464,Ōtaua River
34465,Ōtaua Stream
34461,Ōtau Crossing
54578,Otauira Pā
58801,Ōtaupiri
58341,Ōtautahi
9039,Ōtautau Scenic Reserve
34479,Ōtautau Stream
7398,Ōtautū Bay
61295,Ō-Tautū-i-te-Rangi
34488,Ōtāwaiwai Stream
34489,Ōtawakepaka Stream
34493,Ōtāwhao
34495,Ōtāwhao Stream
34496,Ōtāwhau Stream
60952,Ōtawhiwhi
34504,Ōteākau Stream
60636,Ōteake
58718,Ōteauau
34513,Ōtehe / Crayfish Point
61092,Ōteheke
58851,Ōtehika
58621,Ōtehoko
58783,Ō-te-horua-a-Te-Puhituia
34520,Ōtekawa Creek
34527,Ōtekurī Bay
55588,Ōtemataraha Lake
55688,Ōtemataraha Wetland
60376,Ōtepoti
58803,Ōteraia
58805,Ōteraumaka
34544,Ōterāwhanga
34547,Ōterei
34548,Ōterei River
54715,Ōtere River
58739,Ōterokonui
58485,Ōtewā
60611,Ōtewao
60314,Ōtewhakāriki
34556,Ōtīau Stream
54716,Ōtimataura Creek
34568,Ōtira River
60124,Ōtoatahi
4316,Ōtokitoki / Gollans Bay
34590,Ōtoko River
58379,Ōtokotoko
34597,Ōtonga Point
34603,Ōtōpōtehetehe Lake
34604,Ōtorehinaiti River
34605,Ōtorehinaiti Saddle
58486,Ōtorohanga
58071,Ōtorohanga District
34613,Ōtōtara Stream
34615,Ōtoto Stream
58625,Ōtū
61294,Ōtū
34637,Ōtuauri
61674,Ōtuawhiti
34627,Otū Bay
60052,Ōtūhawaiki
58343,Ōtūherekio
34648,Ōtūhira Stream
61521,Ōtūkōpiri
54895,Ōtūmahana
55719,Otūmaikuku
7399,Ōtūmarokura Bay
7400,Ōtūmarokura Point
61095,Ōtūmatua
54892,Otūmoetai
54644,Otūmoetai Beach
54893,Otūmoetai Channel
54894,Otūmoetai Pā
34678,Ōtumu Stream
56652,Otūmūtū
34682,Ōtunua Stream
61021,Ōtūparāoa
34690,Ōtūpōhatu
58813,Ōtūpuahiri
4327,Ōturaki Creek
34698,Ōturapa Creek
60854,Ōtūroto
60839,Ōturu
34717,Ōtūtātahi Stream
58380,Ōtūtohukai
55066,Ōtutu Bush
55462,Otūwairoa Stream
61008,Ōtūwharekai
34731,Otūwhero Inlet
9058,Otūwhero Inlet Scenic Reserve
34732,Otūwhero River
60315,Ōue
54495,Ōueariu
34742,Ōuepoto Stream
34744,Ōueroa
34745,Ōuewheki
60416,Ōuruhia
58755,Ōuruwera
58806,Ōuruwera
34780,Ōwairaka
54556,Ōwairaka
34790,Ōwaka River
9061,Ōwaka Valley Scenic Reserve
34799,Ōweka Stream
34816,Ōwhakarotu Stream
34820,Ōwhakatū Stream
34823,Ōwhanake Bay
34824,Ōwhango
61976,Ōwhango Domain Recreation Reserve
34827,Ōwharau Stream
61435,Ōwhāriu
34832,Ōwhata
61253,Ōwhata
34831,Ōwhata
4346,Ōwhata
34834,Ōwhata Stream
7401,Ōwhatiura Bay
60417,Ōwhio
34842,Ōwhio Stream
34843,Ōwhiria Stream
34846,Ōwhiro
4349,Ōwhiro Bay
34848,Ōwhiro Bay
34850,Ōwhiro Stream
34851,Ōwhiro Stream
34849,Ōwhiro Stream
34853,Ōwhiti Bay
60330,Ōwi
59763,Paekākā
58814,Paekākāpō
34906,Paekākāriki
54455,Paekākāriki Hill
54399,Paekākāriki Hill
55212,Paengarēhia / Twilight Beach
7540,Paepae-o-Tū / Bream Tail
60561,Paerātā Railway Station
60044,Paetūmōkai
34962,Pāhakorea Point
4378,Pāhaoa
55539,Pāhaoa Canyon
4379,Pāhaoa River
9079,Pāhaoa Scientific Reserve
34971,Pāharakeke Stream
4381,Pāhātea / Durden Hill
60422,Pāhautāne
59405,Pā Hill
34874,Pā Hill Stream
55067,Pāhoka Bush
35019,Paikākaho
54912,Pākā Bay
59764,Pākaraka
35066,Pākawau
60783,Pākawau
35067,Pākawau Creek
35068,Pākawau Inlet
58344,Pākererū
10579,Pākira Nunatak
35107,Pākiri
35108,Pākiri River
9091,Pākiri Scenic Reserve
35109,Pākiri Stream
35111,Pākiwaha Bay
9094,Pākōwhai Scenic Reserve
35125,Pākōwhai Stream
35126,Pākōwhai Stream
61628,Pākuku
59765,Pākuku Stream
35133,Pākuratahi
35134,Pākuratahi Forks
35135,Pākuratahi River
54509,Pākuratahi Stream
61397,Pāmotumotu
35191,Pangatōtara
14689,Pānia Reef
14690,Pānia Rock
58648,Pānui-o-Hau
35233,Pāpakanui River
35234,Pāpakanui Spit
35247,Papakōhatu Island / Crusoe Island
35248,Papakōrito Falls
4422,Papakōwhai
14695,Pāpaku Basin
62071,Papakura Pā Scientific Reserve
35259,Papakurī Island
35293,Paparātā
58654,Papatīeke
35345,Papatōrea
59519,Papatū
57213,Papawhitu Pā
58922,Pāpōkeka Stream
35364,Pāpouaru Point
7532,Pārae Karetu
35382,Pāraeroa Bay
35390,Pāraharaha Bay
35391,Pāraharaha Point
60647,Parakārehu
54573,Paratītahi Tarns
4460,Pāremoremo
35506,Pāremoremo Creek
57500,Pārengarenga Canyons
35509,Pārengarenga Harbour
35510,Pārengarenga Pā
56607,Pārera Pond
61292,Parinuiterā
35572,Paritū
14700,Paritū Basin
14701,Paritū Gap
54703,Paritū Trough
35670,Pātakanui Stream / Grannys Creek
35674,Pātangata
35673,Pātangata
35675,Pātangata Stream
35679,Pātatanga Stream
57648,Pātea
35685,Pātea
14706,Pātea Banks
35686,Pātea Dam
61545,Pātea-nui-a-Turi
35687,Pātea River
60644,Pātearoa
35691,Pātekaha
58631,Pātere
35708,Pātiki
35711,Pātiki Stream
56606,Pātiotio Gap
35716,Pātītī Island / Banded Island
35717,Pātītī Point
59187,Pātītī Scenic Reserve
58685,Pātituna
35719,Pātoka
35720,Pātoka Stream
58456,Patuhā
58457,Patuhā Pā
55714,Patuhā Scenic Reserve
35743,Patumāhoe
61538,Patumāhoe
57803,Patupō
35756,Pātūtahi
4521,Pāuakaiwawe / McLarens Bay
61768,Pāuanui
60126,Pāuareka
4526,Pāuatahanui
61256,Pāuatahanui
4528,Pāuatahanui Stream
9147,Pāuatahanui Wildlife Reserve
35788,Pāwhetau Point
55479,Pēhiakura
55480,Pēhiakura Lake
57309,Peketā
7409,Pigeon Island/Wāwāhi Waka
7408,Pig Island/Mātau
58845,Pīkaroro
36070,Pīkaungaehe
36069,Pīkau Stream
58616,Pīkōau
36090,Pīkoko Stream
60253,Pīnohia
36176,Pīpiko Stream
36187,Pipītewai Bay
36202,Pīrauau
4643,Pīreka / Low Neck Bay
36221,Piripāua
58125,Piripāua
60838,Piri-tūtae-putaputa
36246,Pītoitoi Point
59756,Pōhā Hill
36326,Pōhangina Saddle
36327,Pōhara
36328,Pōhara Beach
36331,Pōhatanui Stream
4665,Pōhatu / Flea Bay
9188,Pōhatu Government Purpose Reserve Wildlife Refuge
36336,Pōhatuhatununui Stream
36338,Pōhatukura
36339,Pōhatupapa Point
57955,Pōhaturoa
57391,Pōhaturoa
58083,Pōhaturoa
36332,Pōhatu Stream
36345,Pōhoenui Stream
36346,Pōhoi
58345,Poho Tārewa
36359,Pōhuehue
9190,Pōhuehue Scenic Reserve
36361,Pōhuenui Stream
36358,Pōhue Stream
36357,Pōhue Stream
58812,Pōhuruhuru
36366,Pōhutukawa Bay
36367,Pōhutukawa Bay
36368,Pōhutukawa Bay
36369,Pōhutukawa Flat
4673,Pōhutukawa Stream
58868,Pōhutuwai
58126,Point Ellis / Ōtara Point
58699,Pōkaikōkō
36411,Pōkaiwhenua Stream
36420,Pōkeno
55461,Pōkino Kainga
36441,Pōkurakura Point
36461,Pōmare
36492,Pōnui
36493,Pōnui Head
10594,Pōnui Nunatak
4686,Pōnui Stream
36496,Pōnui Stream
36497,Pōnui Stream
36518,Pōpōrangi Stream
36523,Pōpōtai Island
60928,Pōrangahau
36530,Pōrangahau
55540,Pōrangahau Ridge
36531,Pōrangahau River
36532,Pōrangahau Stream
55541,Pōrangahau Trough
4706,Port Ōhope
9206,Port Ōhope Recreation Reserve
36591,Port Pūponga
59830,Port Whangārei
4707,Port Whangārei
36624,Pōtae
36627,Pōtaka
36628,Pōtaka
36629,Pōtaka Lake
36637,Pōtātua Stream
60612,Potikōhua
58453,Pouākai
58454,Pouākai Range
36667,Pouawhāriki Stream
60439,Pouerua-hāpua
60448,Pouerua-tāhuna
58035,Pouhōkio Stream
60882,Poumāhaka
7412,Pourākau Bay
60939,Pourērere
36695,Pourērere
36696,Pourērere Stream
54493,Poutākoro Head
59788,Pōuto Point
61493,Poutū
58088,Pōwhaturoa
36840,Pūangiangi Island
10600,Pūanu Glacier
60282,Puāri
61045,Puāri
61665,Pūāwhē
36868,Pūerua
36869,Pūerua River
36870,Pūerua River Deviation
9222,Pūerua Wildlife Management Reserve
36874,Pūhā
58717,Pūharakeke
36879,Pūharakeke Creek
36880,Pūharakeke Island
60870,Puhikererū
59367,Pūhoi
36901,Pūhoi River
59520,Pūkahika
36911,Pūkahu
36910,Pūkahu
36918,Pūkākaho Stream
55722,Pūkākā / Marsland Hill
59811,Pūkākaramea
14221,Pūkākī Bank
54704,Pūkākī Canyon
14222,Pūkākī Rise
54705,Pūkākī Saddle
14173,Pūkākī Seachannel
36931,Pūkaroronui
36930,Pūkaroro Rock
36977,Pukehīnau
4794,Pukehīnau / Shellback Stream
37001,Pukehuia Pā
57209,Puke-i-Āki-Rangi
37012,Pukekaikākāpō
37017,Pukekākā
61559,Puke-kōiwi-riki
56608,Pūkeko Pond
61979,Pukekōwhai
37060,Pukekōwhai Point
37066,Pukekura Pā
37076,Pukemānuka
37077,Pukemānuka Stream
37083,Pukemataī Stream
37137,Pukeotū Stream
60830,Pukepōuri
54562,Puketāpapa
37224,Puketapu Pā
10148,Puketī Forest
54972,Puketī Forest
37259,Puketī Point
9252,Puketī Scenic Reserve
37266,Puketītī
49347,Puke Toropā Mountain
37286,Puketōtara
37298,Puketūī
37308,Puketūtū
58241,Pukewā
54561,Pukewīwī
37342,Pūkio
55511,Pūkio Stream
58777,Pūkorokio
54766,Pūkorokoro Hill
54649,Pūkorokoro / Miranda
54890,Pūkorokoro / Miranda Hot Springs
54891,Pūkorokoro / Miranda Hot Springs
62069,Pūkorokoro / Miranda Scenic Reserve
62070,Pūkorokoro / Miranda Scientific Reserve
62068,Pūkorokoro / Miranda Taramaire Government Purpose Reserve Wildlife Management Area
54767,Pūkorokoro Stream
54516,Punakērua Beach
37431,Pūniu River
4857,Pūotewheke / Scuffle Island
60784,Pūponga
37439,Pūponga
9260,Pūponga Farm Park
4858,Pūponga Point
37441,Pūponga Point
54510,Pūrahoitangihia
37458,Pūrākau Channel
4860,Pūrākaunui
61653,Pūrākaunui
37463,Pūrākaunui Bay
4861,Pūrākaunui Bay
9264,Pūrākaunui Bay Scenic Reserve
4862,Pūrākaunui Creek
9265,Pūrākaunui Falls Scenic Reserve
4863,Pūrākaunui Inlet
9266,Pūrākaunui Stream Scenic Reserve
60785,Puramāhoi
54717,Puramāhoi
37481,Pūrehurehu Point
54718,Puremāhaia River
37496,Pūrimu Lake
4867,Pūrimu Stream
37498,Pūrimu Stream
37502,Pūriri Bay
37501,Pūriri Bay
37507,Pūroa Point
37515,Puruhāua Stream
37534,Pūtaki Bay
37537,Pūtangirua Pinnacles
9271,Pūtangirua Pinnacles Scenic Reserve
37538,Pūtangirua Stream
37545,Putāruru
37546,Pūtata
4872,Pūtātara Point
4874,Pūtauaki
60606,Pūteawhatiia
37555,Pūtiki Bay
4878,Pūtoetoe
37560,Pūtōrino
55542,Pūtoto Seamount
37571,Pūwhakaoho Stream
4883,Pūwheke
54580,Queen Charlotte Sound / Tōtaranui
37737,Rāhui Island
59817,Rāhuimōkairoa
37742,Rāhuinui Stream
60975,Rāhuipōkeka
7422,Rāhuiroa Bay
37782,Rākaiaho Bay
37783,Rākaiaho Stream
60382,Rakaia-wai-kī
60381,Rakaia-wai-pākihi
37784,Rākaitā
37785,Rākaiwhaia Ridge
37787,Rākau
37789,Rākauananga Point
37790,Rākaukākā
37791,Rākaukākā
4934,Rākaumangamanga
37802,Rākaunui Stream
37804,Rākauroa
9296,Rākauroa Scenic Reserve
54601,Rākauroa / Torrent Bay
54975,Rākautao Forest
37809,Rākautaonga
61040,Rākautara
37815,Rākautātahi
37816,Rākautihiau Stream
37819,Rākauwhakatangitangi
37820,Rākauwhatia Creek
37822,Rākāwhia
37825,Rākino Channel
37826,Rākino Island
9298,Rākino Island Recreation Reserve
14223,Rakitū Canyon
37859,Rāmeka Creek
9300,Rāmeka Creek Scenic Reserve
4941,Rāngaiika
54521,Rangiātaahua
56710,Rangiāwhiao
59978,Rangipō
37943,Rangipuketū
37952,Rangiriri Pā
57398,Rangitāne
37960,Rangitāne Bay
61487,Rangitāwhiri
37977,Rangitāwhiri Point
37981,Rangitīkei River
37985,Rangitōpuni Stream
38005,Rangitūmau
38004,Rangitūmau
61749,Rangitūtahi
38014,Rangiwhakahāroa Stream
4970,Rānui
59450,Rānui
4971,Rānui Railway Station
38026,Rānui Stream
56980,Rāoa
38036,Rāpaki Bay
7425,Rāpatu Bay
38060,Rārangi
9323,Rārangi Recreation Reserve
38091,Rātā Hill
38103,Rātana
61367,Rātōroa
38136,Raukūmara
10154,Raukūmara Conservation Park
55545,Raukūmara Plain
38138,Raukūmara Range
38173,Rautōiti Stream
38174,Rauwirikōkōmuka Stream
38191,Rāwiri Stream
38312,Reef Point / Tūkari Point
55546,Rēinga Basin
55547,Rēinga Ridge
61153,Reretāruke
61527,Reretewhīoi
38506,Rīmanaua Stream
38530,Rip and Tear Pākihi
60389,Rīpapa
5105,Ripirō Beach
49356,Riu ō Te Ata Valley
38782,Rongomaipāpā
54955,Rotomā Forest
54602,Rotopōhueroa / Lake Constance
38990,Ruahāpia Stream
39007,Ruakākā
39008,Ruakākā Bay
9390,Ruakākā Bay Scenic Reserve
9391,Ruakākā Domain Recreation Reserve
54995,Ruakākā Forest
9392,Ruakākā Recreation Reserve
39009,Ruakākā River
55395,Ruakākā Scenic Reserve
39011,Ruakākā Stream
39010,Ruakākā Stream
39020,Ruakōhua Stream
58961,Ruakōkopu
39022,Ruakōkoputuna
5194,Ruakōkoputuna River
7434,Ruakōpū Bay
55213,Ruakōura / Perpendicular Point
5196,Ruamāhanga River
55755,Ruangārara Stream
39067,Ruatāhuna Stream
54994,Ruatōria Forest
14224,Ruatōria Knoll
14767,Ruatōria Re-entrant
14768,Ruatōria Scarp
39141,Rūnanga Lake
39142,Rūnanga Pā
5221,Rūrima Island
14778,Rūrima Ridge
39601,Seaward Kaikōura Range
13997,Second Water Creek / Waipāpaku
7438,Ship Cone/Ōtaupiri
7442,Southern Alps/Kā Tiritiri o te Moana
40318,South Ōhau River
14225,South Paritū Ridge
5520,Spy Glass Point / Piripāua
7277,Stillwater-Ngākawau Line
41098,Tāhaenui
41099,Tāhaenui River
41107,Tāharewaewae
41112,Tāhau
41125,Tāhekenui Stream
41126,Tāhekeroa
41128,Tāhekeroa
41129,Tāhekeroa River
41123,Tāheke Stream
41124,Tāheke Stream
41133,Tāhere Stream
54978,Tahorakurī Forest
58962,Tahorapāroa
58527,Tahorapāroa Saddle
59110,Tahorapāroa Scenic Reserve
54930,Tāhoro / Union Bay
41146,Tāhuahua
55223,Tāhuahua-Paopao-Karoro Island
60383,Tāhuna
60947,Tāhuna
60419,Tāhuna
41159,Tāhunanui
41160,Tāhunanui Beach
7444,Tahunapō Bay
7445,Tāhunaroa Beach
58353,Tāhunatōrea
41219,Tāingamata
54711,Taipō Creek
41233,Taipō Minor
41235,Taipō River
41244,Taipū Stream
41252,Taitā
41257,Taitaiā Stream
5716,Taitā Railway Station
9531,Taitā Scientific Reserve
41266,Takahē Creek
56612,Takahē Nunatak
41276,Tākaka
57159,Tākaka Hill Saddle
9533,Tākaka Hill Scenic Reserve
41277,Tākaka River
57791,Takapō
60409,Takapō
54603,Takapōtaka / Attempt Hill
58354,Takapūneke
14835,Tākapu Rock
5733,Takapūwāhia
5734,Takatū Head
5735,Takatū Point
58384,Take Kārara
54499,Tākerehaka Historic Reserve
41371,Tākou Bay
41370,Tākou Bay
5744,Tākou River
9536,Tākou River Scenic Reserve
41373,Tākou Stream
55840,Tāmaki
61647,Tāmakimakaurau
5750,Tāmaki Railway Station
41391,Tāmaki River
41394,Tāmaki Strait
41414,Tāmihau Island
41416,Tāmingimingi Stream
41418,Tāmurehaua Stream
41424,Tāneatua
7282,Tāneatua Branch
54979,Tāneatua Forest
41425,Tāneatua Stream
41429,Tānekaha
41431,Tānekaha Creek
5756,Tāngahoe River
41441,Tāngarākau
54980,Tāngarākau Forest
41442,Tāngarākau Gorge
41443,Tāngarākau River
9539,Tāngarākau Scenic Reserve
41445,Tāngarēwai Stream
41450,Tāngatūpura Stream
41451,Tāngawā Stream
41452,Tāngawhīnau Stream
41511,Taopō Stream
59585,Tāpapanui
41532,Tāpapaweka Point
41535,Tāparawera Stream
41537,Tāpatu Stream
5775,Tāpoa / Erskine Point
41547,Tāpora
41548,Tāpora Bank
55581,Tāpui-o-te-uira
41578,Tāpui Pā
41616,Tarakaipā Island
9558,Tarakaipā Island Scenic Reserve
10659,Tarakākā Peak
60866,Tara-māhitihiti
41657,Tarapōnui
54987,Tārere Forest
58840,Tārere-ki-whenua-uta
41713,Tārewarewa Stream
41710,Tārewa Stream
61268,Tātāhoata
54498,Tātaiāhape
41766,Tatapōuri
41767,Tatapōuri
41768,Tatapōuri Point
55713,Tataraimaka / St George’s Redoubt Historic Reserve
56626,Tataraimaka Urupā Historic Reserve
41774,Tātaramoa Stream
58429,Tātara Reef
7223,Tātāwhākā Creek
58712,Tā-te-kākāpō
41791,Tātuaotemaumu
41789,Tātua Stream
55611,Tauira Mateāwhā
41811,Taumahapū Stream
61684,Taumakī
41819,Taumānuka
41838,Taumatakaramū
41845,Taumataokaretū
41853,Taumatapātītī
5847,Taumatawhakatangihangakōauauotamateapōkaiwhenuakitānatahu
60502,Taumatawīwī
61156,Taunga-ā-tara
58702,Tau-o-te-kāeaea
54465,Tauparikākā Marine Reserve
41903,Tāupeupe Saddle
41904,Tāupeupe Stream
61269,Taupirikūao
57324,Taupō
41913,Taupō
41914,Taupō Bay
41915,Taupō Bay / West Bay
5854,Taupō Creek
41917,Taupō Hill
61329,Taupō-nui-a-Tia
41918,Taupō Point
54632,Taupō Point
41919,Taupō Stream
41920,Taupō Stream
41921,Taupō Swamp
41946,Tauranga Taupō River
60494,Tāurekaitai
41998,Tautōtara
55674,Tauwharenīkau
55673,Tauwharenīkau Hill
55637,Tauwharenīkau River
42025,Tauwharepārae
42026,Tauwharepōkoru
42028,Tauwhareraurēkau
55771,Tāwakewake Island / The Queen
42069,Tāweka Stream
7454,Tāwhakarere Bay
42079,Tāwhanga
5881,Tāwharanui
10237,Tāwharanui Marine Reserve
5882,Tāwharanui Peninsula
61779,Tāwhata
60624,Tāwhiriraupō
60480,Tāwhirirauti
59989,Tāwhirirourou
42089,Tāwhiriwaimānuka Stream
42090,Tāwhiroko Point
54639,Tawhitikurī / Goat Point
58964,Tāwhiti Whakaruatapu
59384,Teacup Island / Tūkoro
54557,Te Ahi-kā-a-Rakataura
60361,Te Ahi-Kai-Kōura-a-Tama-ki-Te-Raki
61546,Te Ahi-pūpū-a-Ihenga
61606,Te Aho-a-Māui
61311,Te Ahu-a-Tūranga
55751,Te Āhuru Stream
60321,Te Aka Tārewa
42168,Te Ākau
5902,Te Ākau / Black Beach
42172,Te Ākau Point
42173,Te Ākau Point
42170,Te Ākau Point
42171,Te Ākau Point
42174,Te Ākau South
42176,Te Ākau Stream
42175,Te Ākau Stream
54595,Te Anamāhanga / Port Gore
42213,Te Āpiti
57015,Te Āpiti
42214,Te Āpiti Stream
60946,Te Āpura
42219,Te Ārai
42220,Te Ārai
42221,Te Ārai Point
42223,Te Ārai Point
42224,Te Ārai River
9604,Te Ārai Scenic Reserve
9605,Te Ārai Scenic Reserve
42227,Te Arakōau Island
57504,Te Ara-o-Tūrongo
55433,Te Ara Tāiko Nature Reserve
7455,Te Ārero Bay
5914,Te Atatū Peninsula
42254,Te Atatū South
61306,Te Au-kānapanapa
61481,Te Awakari-a-Ngātoroirangi
60384,Te Awa Kōkōmuka
61682,Te Awamāeroero
60968,Te Awa o Mokotūāraro
58050,Te Awa-o-Tū / Thompson Sound
59806,Te Awapūtahi
42298,Te Āwhā Stream
57913,Te Hakapūreirei
42310,Te Hāpara
42312,Te Hapū
42313,Te Hāpua
42314,Te Hāpua Bay
9610,Te Hāpua Bay Scenic Reserve
58095,Te Hapū-a-Kohe
61211,Te Hapū-a-Kohe
58044,Te Hāpua / Sutherland Sound
60352,Te Hāpua Waikawa
7541,Te Hāwere-a-Maki / Goat Island
10243,Te Hāwere-a-Maki / Goat Island Scientific Reserve
42328,Te Hēkawa Point
58462,Te Hēnui Stream
10240,Te Heru o Tūreia Historic Reserve
7458,Te Hīnau Bay
42353,Te Hīwera
59987,Te Hiwi-a-Tamakōpiri
61528,Te Hō
60824,Te Hōkai
42369,Te Hora Pā
60017,Te Horohoroinga-o-ngā-ringa-o-Kahumatamomoe
60362,Te Horokōau
60618,Te Hororātā
42393,Te Hue Pā
54454,Te Ika-a-Māui
58468,Te Ikapārua River
61290,Te Ikaroa-a-Māui
58362,Te Iringa-patu-pāraoa-o-Te-Rangitaurewa
61061,Te Iwi-o-Pātea
54924,Te Kā-a-Maki / Jackie Hill
61297,Te Kahanui-a-Tikirākau
60676,Te Kaihīnaki
58767,Te Kāika-o-Niho
58794,Te Kāika-o-te-kēroa
58700,Te Kāika-o-te-takahea
42477,Te Kākaho Island
58680,Te Kākahu-o-Tamatea
42474,Te Kākā Stream
56586,Tekapō Ridge
7461,Te Kāramuramu Bay
54440,Te Kārearea Peak
42520,Te Kāretu Inlet
42522,Te Kāretu Stream
58694,Te Kauwāroa
55572,Te Kawa-o-Tāwhaki
60088,Te Kawau-tūmārō-o-Toi
61009,Te Kōhai
58615,Te Kōhaka-o-Te-Ruru
55221,Te Kōhanga / Shipwreck Bay
61201,Te Kōhatu-whakairi-a-Ngātoroirangi
58732,Te Kōkō
7462,Te Kōpiha Bay
60750,Te Kopi-o-Ōpihi
42601,Te Kōpua Bay
60014,Te Kōpua-Kau-Tāpapa-a-Te Hoka-o-te-Rangi
54563,Te Kōpuke
42610,Te Kōpuru
42611,Te Kōpuru Point
58701,Te Kora-o-Tū
59501,Te Korowhakaunu / Kanáris Sound
42622,Te Kotingaomōkaituatini
7463,Te Koutū Wetland
58386,Te Kōwhai
42636,Te Kōwhai Creek
42638,Te Kōwhai Stream
58492,Te Kūiti
61503,Te Kūititanga-o-te-whakaaro-o-ngā-iwi
61529,Te Kura-a-Māia
58387,Te Kurī
58608,Te Kurī
42655,Te Kurī
61090,Te Kurī-a-Kōpūwai
54443,Te Kurī-a-Paoa Seamount
10241,Te Kuri a Paoa/Young Nick’s Head National Historic Reserve
42663,Te Māhanga Stream
42665,Te Māhia
61309,Te Māhia-mai-Tawhiti
9622,Te Māhia Scenic Reserve
42669,Te Māhuna
55625,Te Māipi
42692,Te Māngai Stream
42701,Te Mānuka
5994,Te Mārua
42715,Te Mārua
58364,Te Mata Hāpuka
7464,Te Matahī Lagoon
42736,Te Matatū
61432,Te Matau-a-Māui
58790,Te Māui
58613,Te Māuiui-kōhaka-o-Te-Ruru
55465,Te Māunu a Tū Bluff
57042,Te Māwhai
60152,Te Māwherataka-o-kā-kuwhā-o-Tūterakiwhānoa
60268,Te Mimi-o-Tūterakiwhānoa
60369,Te Moana-tāpokopoko-a-Tāwhaki
55718,Te Mōrere Pā
58852,Te Motu-kāika-kurī
55500,Te Motu Tohorā
58622,Te Motutūroro
58085,Te Ngāherehere-o-Kohukohunui Forest
58785,Te Nohoaka-o-Tū
58691,Te Nohoaka-o-Tū
61548,Te Ō-a-Hei
57129,Te Ohāki
60873,Te Ōmama
58821,Te Onepakakē
55202,Te Oneroa-a-Tōhē / Ninety Mile Beach
61675,Te Paekāi
60242,Te Pākeka
42839,Te Pākeka Point
59514,Te Pākira
61270,Te Pā-o-Pōtangotango
42854,Te Papakōpuru
61076,Te Papanui-o-Tū
58614,Te Paparoa-o-Tū
60274,Te Pātaka-o-Rākaihautū
42864,Te Pātītī Stream
42866,Te Patukōura
60632,Te Poho-o-Rakitāmau
61089,Te Pohotārewa
42892,Te Pōhue
6026,Te Pōhue
7470,Te Pōhue Bay
7469,Te Pōhue Bay
6027,Te Pōhue / Camp Bay
42906,Te Pōrere Redoubt Lower
42907,Te Pōrere Redoubt Upper
58089,Te Pounui-o-Peretū
54568,Te Punawai Pā
54496,Te Purenga-o-Tāneatua Stream
58242,Te Pū Taumaru
61507,Te Pūtiki-wharanui-a-Tamatea-pōkai-whenua
58053,Te Rā / Dagg Sound
61305,Te Rae-o-Kōhī
60451,Te Rae-o-Te-Kōhaka
42976,Te Rāhui
42978,Te Rāhui Point
42979,Te Rāhui Point
58886,Te Rāpaki-o-Te Rakiwhakaputa
43018,Te Rātā
7472,Te Rātā Bay
43019,Te Rātā Bay
43020,Te Rātā Creek
43025,Te Raupā Creek
7473,Te Raupōroa Beach
43039,Te Rēinga
43040,Te Rēinga Falls
58590,Te Rereka-o-Māui
54415,Te Rite-a-Kawharu Pā
60981,Te Roro-o-Kurī
43113,Te Ruapōhatu Stream
60631,Te Ruatūpāpaku
6073,Te Tāhuna o Rangataua
56651,Te Tāhuna-o-Tūtawa
61475,Te Tai Hauāuru
57134,Te Tai Rāwhiti
57135,Te Tai Tamatāne
57211,Te Tapere-nui-o-Whātonga
7528,Te Tāpiri
58692,Te Tapuwae-o-Māui
54535,Te Tātua-a-Riukiuta
60714,Te Taumanu-o-Te-Waka-a-Māui
60053,Te Taumatawhakatangihangakōauauotamateaturipūkākāpikimaungahoronukupōkaiwhenuakitanatahu
55489,Te Teoteo Pā
7478,Te Tī Bay
61802,Te Tōangaroa
55575,Te Toka-a-Kōraria
43199,Te Tōtara Bay
43200,Te Tōtara Stream
43203,Te Tōwaka Bay / Burnside Bay
43211,Te Tūrerenga Inlet
6084,Te Umukurī / Wellers Rock
43228,Te Umutītī Point
58884,Te Upoko-o-Kurī / Witch Hill
60325,Te Upoko-o-Rākaitauheke
58368,Te Upoko-o-Tahumatā
61299,Te Upoko-o-te-kurī-a-Paoa
7526,Te Urenui Pā
57068,Te Waewae-Kapiti-o-Tara-rāua-ko-Rangitāne
55759,Te Wahapū o Te Hopuni Wildlife Management Reserve
61562,Te Wāhipuku
61058,Te Wāhitauā
60769,Te Waikākahi
6093,Te Waikoropupū River
7200,Te Waikoropupū Springs
9261,Te Waikoropupū Springs Scenic Reserve
61075,Te Wai-o-Hinetū
55664,Te Wai o Tūranga
54525,Te Waka-o-Ngārangikataka Ridge
55598,Te Whakahūhi Stream
58370,Te Whakatakanga-o-te-ngārehu-o-te-ahi-a-Tamatea
55631,Te Whakatūrākau Stream
59988,Te Whākauae-a-Tamatea
58391,Te Whanga-a-Te-Kōkō
55737,Te Whāngai-a-Tamarāwaho
61549,Te Whanganui-a-Orotū
6107,Te Wharepōuri Mark
59982,Te Whata-a-Tamakōpiri
6111,Te Whetū Kairangi Ridge
61273,Te Whetūmatarau
43385,Te Whetūmatarau Point
43390,Te Wīriki Stream
7483,The Bluff/Motupōhue
6270,Tiā Island / Entrance
61943,Tiakiriri Kūkupa Scenic Reserve
61777,Tīeke
43998,Tīhema Stream
6276,Tīheru Island
44021,Tikimāeroero Point
44038,Tikitū Creek
44055,Tikotātahi Bay
59984,Tīmāhanga
9688,Tīmaru Creek Recreation Reserve
44067,Tīmaru Redoubt
44068,Tīmaru River
44069,Tīmaru Stream
44070,Tīmaru Stream
44110,Tīnui
44111,Tīnui Hill
44112,Tīnui Island
44113,Tīnui River
61780,Tīpapakūkū
54416,Tīpare Island
44123,Tīpau Point
43975,Tī Point
43977,Tī Point
9685,Tī Point Scenic Reserve
44131,Tīraha
44138,Tīrau
44137,Tīrau
44139,Tīrau Bay
44140,Tīraumea
44141,Tīraumea River
44142,Tīraumea River
9695,Tīraumea River Scenic Reserve
44143,Tīraumea Saddle
44144,Tīraumea Stream
9694,Tīrau Recreation Reserve
58943,Tirohanga Hukapō
61274,Tirotirowhetū
44183,Tirotirowhetū
6307,Tīrua Point
6308,Tītahi Bay
44187,Tītahi Bay
59962,Tītahi Creek
55482,Tītī
54564,Tītīkōpuke
6313,Tītī / Muttonbird Islands
61530,Titirākāhu
14867,Tītokarua Reef
44219,Tītoki Bay
44267,Tohorā Pirau
44276,Tōiro Stream
58372,Toitū
54606,Tokangawhā / Split Apple Rock
54638,Toka Pōtaka Rock
60876,Tokatā
44316,Tokatā
61640,Tokatū
44359,Tokomāpuna / Barrett Reef
44360,Tokomāpuna Island / Aeroplane Island
44403,Tōmoana
61641,Tomorātā
44421,Tongapōrutu
44422,Tongapōrutu River
44467,Tōrea Rocks
44474,Tōrere
44475,Tōrere River
44496,Toropūihi Creek
57422,Tōtara
55078,Tōtara Bush
44522,Tōtara Creek
44521,Tōtara Creek
44523,Tōtara Creek
44525,Tōtara Flats
44526,Tōtara Inlet
60355,Tōtara Kaimaka
44529,Tōtara Lagoon
9731,Tōtara Lagoon Wildlife Management Reserve
57124,Tōtaranui
44561,Tōtaranui
44562,Tōtaranui Beach
44566,Tōtaranui Stream
44563,Tōtaranui Stream
44565,Tōtaranui Stream
44531,Tōtara Park
44536,Tōtara River
44537,Tōtara River
44538,Tōtara Rocks
44540,Tōtara Saddle
44543,Tōtara Spur
44557,Tōtara Stream
44558,Tōtara Stream
44556,Tōtara Stream
44546,Tōtara Stream
44555,Tōtara Stream
44554,Tōtara Stream
6380,Tōtara Vale
44635,Treble Tree Point / Ōtūhoto
7486,Tuarāhiwiroa Point
6430,Tū Āraiawa Island / Fin Island
44760,Tūhara
55079,Tūhoe Forest
44775,Tūhua
44779,Tūī
44783,Tūī Glen
14226,Tūī Seamount
6449,Tukemōkihi
44798,Tukemōkihi Stream
10684,Tūkeri Peak
44803,Tukipō River
44824,Tūmatapura Point
7487,Tūmoana Bay
7488,Tūmoana Point
14883,Tūmokemoke Knoll
44832,Tūmokonui
44833,Tūmokonui Stream
44838,Tūmutu
44872,Tūngutungtu Stream
44882,Tūnoamai Point
9756,Tūnoamai Point Scenic Reserve
6458,Tunupō
6459,Tunupō Creek
61440,Tūparehuia
44894,Tūpari
44895,Tūpāroa
61053,Tuparu-tūtae
44901,Tūpurupuru Pā
58855,Tūrakarākau
60099,Tūrangaarere
44908,Tūranga Creek
6466,Tūrangakumu
44911,Tūrangakumu Summit
44913,Tūranganui
57208,Tūranganui-a-Kiwa / Poverty Bay
54444,Tūranganui Knoll
44914,Tūranganui River
44915,Tūranganui River
44916,Tūranganui River East Branch
44917,Tūranganui River West Branch
59777,Tūranganui Valley
6469,Tūrangi
44922,Tūrere Stream
6472,Turihauā
44923,Turihauā Point
59399,Turihauā Reef
6473,Turihauā Stream
9766,Tūtaekurī Climatic Reserve
44990,Tūtaekurī River
6493,Tūtaekurī River
44988,Tūtaekurī River
6492,Tūtaekurī-Waimate Stream
44993,Tūtaemārō
44996,Tūtaemātuatua Stream
45002,Tūtaenui Stream
2738,Tūtaepatu Lagoon
45003,Tūtaepāwhati Bay
45014,Tūtaewhakapiki
58392,Tūtakahikura
45017,Tūtaki
45018,Tūtaki River
45019,Tūtaki River East Branch
45020,Tūtaki River West Branch
59589,Tūtāmoe
14887,Tūtānekai Rock
45025,Tūtara
55225,Tūtātarakihi
6501,Tūteremoana
45031,Tūtira
61977,Tūtira Domain Recreation Reserve
45032,Tūtoko River
45045,Tutukākā Head / South Gable
54630,Tūtūmāpou Hill
45049,Tūtūmaru Stream
45054,Tūturi Stream
60849,Tūwairua
60837,Tūwata
60973,Ūawa-nui-a-Ruamatua
45131,Ūawa River
60048,Uhimānuka
45151,Umuhāpuku Stream
45165,Umukōkako Stream
45166,Umukororā Bay
45168,Umukurī
45169,Umukurī Bay
45171,Umukurī Stream
60013,Umutōī
45229,Upper Ātiamuri
45242,Upper Kawhātau
9780,Upper Kawhātau Scenic Reserve
45245,Upper Mangatāwhiri Dam
45246,Upper Mangatāwhiri Reservoir
45247,Upper Mātakitaki
45258,Upper Tākaka
10177,Upper Tōtara Ecological Area
45294,Urumātui Stream
60934,Urungaparāoa
55557,Urutī Basin
45306,Urutī Bay
6559,Urutī Point
55558,Urutī Ridge
45378,Victory Island / Moutītī
45424,Waengapū
45429,Waerengaokurī
45432,Waewaepā Range
9803,Waewaepā Scenic Reserve
45458,Wāhingamuku
55603,Wai ā-kake Stream
6610,Waiāniwaniwa River
45485,Waiāniwaniwa Stream
45490,Waiāraikau Stream
45553,Waiau Pā
60032,Waiāwangawanga
45585,Waihāhā
10179,Waihāhā Ecological Area
45586,Waihāhā River
9816,Waihāhā Scenic Reserve
61642,Waihē
60948,Waihī
60949,Waihī
45650,Waihī Beach
45652,Waihī Creek
45654,Waihī Dam
9823,Waihī Gorge Scenic Reserve
45661,Waihī Point
45694,Waihīrere
45695,Waihīrere Bluff
45696,Waihīrere Falls
6643,Waihīrere Stream
45700,Waihīrere Stream
45702,Waihīrere Stream
45701,Waihīrere Stream
45703,Waihīrere Waterfall
45663,Waihī River
45666,Waihī Stream
45680,Waihī Stream
45681,Waihī Stream
45728,Waihōpai
45730,Waihōpai Dam
45731,Waihōpai River
6646,Waihōpai Saddle Stream
6648,Waihōu River
55002,Waikaiā Bush
45811,Waikaitāmure Stream
60276,Waikākahi
58859,Waikākahi
45825,Waikākaho River
58132,Waikākahu Bay
45827,Waikākaramea Bay
45830,Waikākāriki Stream
45821,Waikākā Stream
54726,Waikārapi Lagoon
45878,Waikaretāheke River
6675,Waikēkēwai Creek
7492,Waikererū Bay
45982,Waikōau
45983,Waikōau River
45984,Waikōau River
45985,Waikōau River North Branch
45986,Waikōau Stream
55704,Waikōhatu Stream
46002,Waikōkopu
46003,Waikōkopu Creek
58427,Waikōkopu Harbour
46006,Waikōkopu Stream
46007,Waikōkopu Stream
55871,Waikōkō Stream
46010,Waikōnini Stream
46018,Waikōpiro Stream
46017,Waikōpiro Stream
46019,Waikōpiro Stream
46021,Waikōpua Creek
46041,Waikōrure River
58828,Waikōtuku
58748,Waikōwhai
46063,Waikōwhai
46064,Waikōwhai Bay
46076,Waikūkūpa River
46089,Waimā
46087,Waimā
46088,Waimā
59402,Waimā Cove
10181,Waimā Forest
55003,Waimā Forest
46096,Waimāhaki Stream
46129,Waimako Pā
6698,Waimangō Point
6699,Waimangō Stream
58842,Waimānu
61276,Waimārama
46159,Waimārama
46090,Waimā River
58469,Waimā River
6693,Waimā River
46092,Waimā Stream
46170,Waimatā
46181,Waimātaitai Stream
46177,Waimatā Stream
46173,Waimatā Stream
46093,Waimā Valley
55620,Waimīmiha
55621,Waimīmiha Stream
7497,Wainīkau Bay
7498,Waiōhewa Beach
46469,Waiotū Stream
59780,Waipaekākā
61772,Wai-pāhīhī-a-Tia
46492,Waipahī River
57212,Waipārā Stream
58865,Waipārera
46480,Waipā River
9882,Waipā River Road Recreation Reserve
58684,Waipāteke
58375,Waipātiki
6782,Waipātiki Beach
54515,Waipātiki Beach
9888,Waipātiki Scenic Reserve
54513,Waipātiki Stream
46629,Waipatukāhu Stream
46631,Waipatukākā Stream
46668,Waipōhatuhatu Stream
46666,Waipōhatu Stream
55460,Waipokapū Stream
57794,Waipōuri
58619,Waipōuri
9894,Waipū Caves Road Scenic Reserve
9895,Waipū Cove Domain Recreation Reserve
55010,Waipū Gorge Forest
9896,Waipū Gorge Scenic Reserve
9897,Waipū Government Purpose (Wildlife Refuge) Reserve
9898,Waipū Scenic Reserve
59814,Wairākai
46764,Wairākai Stream
46767,Wairākau Bay
61668,Wairākei
46809,Wairau Pā
51154,Wairaupō
6800,Wairēinga / Bridal Veil Falls
9906,Wairēinga Scenic Reserve
46897,Wairoa Pā
46929,Wairōpā Channel
61016,Wairua-ā-pō
46985,Waitāhuna River
6812,Waitākere
6813,Waitākere Bay
59660,Waitākere Railway Station
47008,Waitākere Ranges
47009,Waitākere Reservoir
6815,Waitākere River
47010,Waitākere Stream
56640,Waitangitāhuna River
47081,Waitāpuke Stream
47091,Waitārere
55013,Waitārere Forest
47099,Waitātā Bay
47101,Waitātā Reach
47117,Waitāwhai Stream
57982,Waitāwhiri
47139,Waitematā Harbour
60566,Waitematā Railway Station
55709,Waitepipī Bay
7504,Waitetī Bay
47169,Waitewaewae Ōtaki Forks
47172,Waitī Bay
47173,Waitī Bay
47174,Waitī Stream
47229,Waitōtara
55014,Waitōtara Forest
47230,Waitōtara River
47233,Waitōtara Stream
47234,Waitōtara Stream
57341,Waitūi
47253,Waitūī Bay
47268,Waitūpatu Stream
6861,Waiwhetū
47342,Waiwhetū Stream
55218,Wakatehāua Island
60089,Wakatūwhenua
6876,Wānaka
54932,Watchman Island / Te Kākāwhakaara
47638,Wekakū Bay
47765,Western Bay / Ōmapu
57502,West Ngātoro Knolls
47761,West Tāmaki Head
61460,Whāingaroa
6959,Whāingaroa Harbour
14922,Whāiti Ridge
47811,Whaitiripapā
58856,Whaka-āhua
47822,Whakaari Pā
47846,Whakakī
47847,Whakakī Lagoon
57971,Whakamārama
47855,Whakamārama
60845,Whakapoāi
47914,Whakapoāi Point
47954,Whakatāne
47955,Whakatāne River
14228,Whakatāne Seamount
14227,Whakatāne Sea Valleys
47956,Whakatāne Stream
47959,Whakataratara / Māori Chief
6988,Whakatīkei River
57795,Whakatipu Waimāori
47973,Whakatīwai
47974,Whakatīwai Stream
60603,Whakatōrea
60426,Whakatū
47978,Whakatū Stream
48000,Whākawakawa Bay
48004,Whakawhitirā
48006,Whākenepuru Bay
48007,Whākenepuru Stream
48062,Whāngaimoana
48063,Whāngaimoana Beach
48064,Whāngaimoana Stream
48066,Whāngaiotekapinga Stream
48058,Whāngai Range
48060,Whāngai Stream
55216,Whangākea / Pandora
48085,Whangamatā
48088,Whangamatā Harbour
48094,Whangamōmona
55017,Whangamōmona Forest
48095,Whangamōmona River
48096,Whangamōmona Saddle
9992,Whangamōmona Scenic Reserve
48114,Whangaparāoa
48115,Whangaparāoa
48116,Whangaparāoa Bay
7010,Whangaparāoa Bay
48117,Whangaparāoa Head
48118,Whangaparāoa Passage
48120,Whangaparāoa River
48124,Whangapē
14229,Whangapē Bank
48125,Whangapē Harbour
61277,Whangapēkaraka
61457,Whangapēkaraka
48136,Whangapōuri Creek
61278,Whangarā-mai-Tawhiti
48143,Whangārei
48144,Whangārei Falls
48145,Whangārei Harbour
48146,Whangārei Heads
7292,Whangārei Port Branch
48161,Whangatāwhia Stream
61459,Whanga-terenga-parāoa
59350,Whangawāhia
48167,Whangawāhia Bay
58135,Whāngioterangi / Echo Lake
54610,Whareātea Bay
48222,Wharekākā
48224,Wharekākaho Stream
55217,Wharekāpu / Paxton Point
58854,Wharekō
48247,Wharekōpae
48248,Wharekōpae
48249,Wharekōpae River
48256,Wharemāpou Stream
48289,Wharepūhunga
48288,Wharepūhunga
48290,Wharepūkākahu Stream
48296,Wharerātā
55018,Wharerātā Forest
61279,Wharetāewa
48315,Wharetī Stream
48320,Wharetōtara Point
48335,Whārikirauponga
48336,Whārikirauponga Stream
57206,Whātaitai
55470,Whatapaka Pā
48345,Whatapō Bay
55736,Whātaumā Stream
54502,Whenua ā-kura
58809,Whetū
48444,Whetū
61770,Whetūkura
10239,Whirinaki Te Pua-a-Tāne Conservation Park
58376,Whitiaka-te-rā
56585,Wikitōria Bank
48940,Young Nicks Head / Te Kurī
